grid, python, julia
16, 7.010192, 16.686
32, 65.43821, 71.522
64, 1016.400690, 880.8246501